,parameter multiplier,mean result,mean time
0,1.0,0.00495685466233516,50576.64200913242
1,1.0,0.01636833826157991,49732.03470319635
2,1.0,0.005696290062840183,51568.61187214612
